{
    "images": [
        {
            "filename": "twotone_settings_suggest_white_20pt_1x.png",
            "idiom": "universal",
            "scale": "1x",
            "size": "20x20"
        },
        {
            "filename": "twotone_settings_suggest_white_20pt_2x.png",
            "idiom": "universal",
            "scale": "2x",
            "size": "20x20"
        },
        {
            "filename": "twotone_settings_suggest_white_20pt_3x.png",
            "idiom": "universal",
            "scale": "3x",
            "size": "20x20"
        }
    ],
    "info": {
        "author": "xcode",
        "template-rendering-intent": "template",
        "version": 1
    }
}
