{
    "images": [
        {
            "filename": "sharp_photo_filter_white_24pt_1x.png",
            "idiom": "universal",
            "scale": "1x",
            "size": "24x24"
        },
        {
            "filename": "sharp_photo_filter_white_24pt_2x.png",
            "idiom": "universal",
            "scale": "2x",
            "size": "24x24"
        },
        {
            "filename": "sharp_photo_filter_white_24pt_3x.png",
            "idiom": "universal",
            "scale": "3x",
            "size": "24x24"
        }
    ],
    "info": {
        "author": "xcode",
        "template-rendering-intent": "template",
        "version": 1
    }
}
