{
    "images": [
        {
            "filename": "baseline_flag_white_32pt_1x.png",
            "idiom": "universal",
            "scale": "1x",
            "size": "32x32"
        },
        {
            "filename": "baseline_flag_white_32pt_2x.png",
            "idiom": "universal",
            "scale": "2x",
            "size": "32x32"
        },
        {
            "filename": "baseline_flag_white_32pt_3x.png",
            "idiom": "universal",
            "scale": "3x",
            "size": "32x32"
        }
    ],
    "info": {
        "author": "xcode",
        "template-rendering-intent": "template",
        "version": 1
    }
}
