{
    "images": [
        {
            "filename": "sharp_format_line_spacing_white_18pt_1x.png",
            "idiom": "universal",
            "scale": "1x",
            "size": "18x18"
        },
        {
            "filename": "sharp_format_line_spacing_white_18pt_2x.png",
            "idiom": "universal",
            "scale": "2x",
            "size": "18x18"
        },
        {
            "filename": "sharp_format_line_spacing_white_18pt_3x.png",
            "idiom": "universal",
            "scale": "3x",
            "size": "18x18"
        }
    ],
    "info": {
        "author": "xcode",
        "template-rendering-intent": "template",
        "version": 1
    }
}
