{
    "images": [
        {
            "filename": "baseline_offline_pin_white_12pt_1x.png",
            "idiom": "universal",
            "scale": "1x",
            "size": "12x12"
        },
        {
            "filename": "baseline_offline_pin_white_12pt_2x.png",
            "idiom": "universal",
            "scale": "2x",
            "size": "12x12"
        },
        {
            "filename": "baseline_offline_pin_white_12pt_3x.png",
            "idiom": "universal",
            "scale": "3x",
            "size": "12x12"
        }
    ],
    "info": {
        "author": "xcode",
        "template-rendering-intent": "template",
        "version": 1
    }
}
