{
    "images": [
        {
            "filename": "sharp_mode_comment_black_24pt_1x.png",
            "idiom": "universal",
            "scale": "1x"
        },
        {
            "filename": "sharp_mode_comment_black_24pt_2x.png",
            "idiom": "universal",
            "scale": "2x"
        },
        {
            "filename": "sharp_mode_comment_black_24pt_3x.png",
            "idiom": "universal",
            "scale": "3x"
        }
    ],
    "info": {
        "author": "xcode",
        "template-rendering-intent": "template",
        "version": 1
    }
}