{
    "images": [
        {
            "filename": "outline_science_black_48pt_1x.png",
            "idiom": "universal",
            "scale": "1x",
            "size": "48x48"
        },
        {
            "filename": "outline_science_black_48pt_2x.png",
            "idiom": "universal",
            "scale": "2x",
            "size": "48x48"
        },
        {
            "filename": "outline_science_black_48pt_3x.png",
            "idiom": "universal",
            "scale": "3x",
            "size": "48x48"
        }
    ],
    "info": {
        "author": "xcode",
        "template-rendering-intent": "template",
        "version": 1
    }
}
