{
    "images": [
        {
            "filename": "round_mark_email_read_black_36pt_1x.png",
            "idiom": "universal",
            "scale": "1x",
            "size": "36x36"
        },
        {
            "filename": "round_mark_email_read_black_36pt_2x.png",
            "idiom": "universal",
            "scale": "2x",
            "size": "36x36"
        },
        {
            "filename": "round_mark_email_read_black_36pt_3x.png",
            "idiom": "universal",
            "scale": "3x",
            "size": "36x36"
        }
    ],
    "info": {
        "author": "xcode",
        "template-rendering-intent": "template",
        "version": 1
    }
}
